item,qty,spec,supplier,unit_cost_usd,make_buy,notes
1 Base plate,1,"Steel plate 320 x 260 x 12 mm, drilled for bench bolts, column and clamp",Local steel stockist,25.00,make,Indicative price; offcut plus cutting
2 Column and drive head,1,"1 t arbor press (rack-and-pinion head, pinion shaft, handle) plus 80 x 60 x 3 mm steel tube column about 0.9 m",Tool retailer and steel stockist,85.00,buy,"Indicative: press about $65, tube about $20; drive choice proposed, awaiting Amish"
3 Rack ram,1,"28 mm square rack ram, about 150 mm travel needed",Included with item 2,0.00,buy,Included in item 2; travel to be checked
4 Plunger load cell,1,"10 kN (1 t) compression load cell, HX711 amplifier, 4-digit display",Electronics distributor,30.00,buy,Indicative price
5 Plunger,1,"22 mm ground steel rod, 200 mm, end turned for the load cell coupling",Local stockist and machine shop,15.00,make,Indicative price
6 Heated barrel,1,"42 mm steel bar, bored and honed to 22 mm, 260 mm long, with loading funnel and flange",Local machine shop,45.00,make,Indicative price; lathe work
7 Band heater,2,"250 W mica band heater, 42 mm ID x 50 mm, mains voltage to suit region",Heater supplier,12.00,buy,Indicative price
8 Nozzle and nozzle heater,1,"Steel nozzle, 3 mm orifice, radiused tip; 100 W band heater",Local machine shop and heater supplier,20.00,make,Indicative price
9 Barrel bracket and heat break,1,"10 mm steel plate bracket with mica washers and M8 bolts",Local steel stockist,15.00,make,Indicative price
10 Insulation jacket and guard,1,"25 mm mineral wool, aluminum skin, perforated steel guard",Building supplier,20.00,make,Indicative price
11 Mold clamp,1,"Screw jack with handle, 170 x 130 mm lift table, guides",Tool retailer and local make,30.00,make,Indicative price
12 Aluminum mold set,1,"Two 6061 plates 120 x 90 x 45 mm, test plaque cavity, sprue bushing, four M10 x 90 class 8.8 bolts",Local machine shop,90.00,make,Indicative price including CNC or manual milling; tooling
13 Control box,1,"Two PID controllers, two 25 A SSRs with heat sink, fused IEC inlet, double-pole switch, 280 °C thermal cut-out, earthed enclosure",Electronics distributor,55.00,buy,Indicative price
14 Heater and sensor wiring,1,"250 °C wire, glass-fiber sleeving, two K-type thermocouples, ferrules, earth leads",Electronics distributor,20.00,buy,Indicative price
15 Hardware and consumables,1,"Bench bolts, M6 to M10 fasteners, thermal paste, labels",Hardware store,15.00,buy,Indicative price; not modeled
